2021-01-27,Rolf Moeckel,Skim_Matrix.md
2021-01-08,VinceBernardin,LM2.md
2021-01-08,VinceBernardin,LM1.md
2021-01-08,VinceBernardin,Choice_models.md
2021-01-08,Patrick Singleton,Active_transport_modeling.md
2021-01-08,Greg Macfarlane,Contributing-Dev-Instructions.md
2021-01-08,Greg Macfarlane,Community.md
2021-01-08,Brice Nichols,Version_Control.md
2021-01-05,Matt Stratton,Highway_networks.md
2021-01-04,Greg Macfarlane,Trip_Generation.md
2021-01-04,Greg Macfarlane,Traffic_Analysis_Zone.md
2021-01-04,Greg Macfarlane,Spatial_interaction_models.md
2021-01-04,Greg Macfarlane,Model_Validation_and_Reasonableness_Checking_Socioeconomic_Models.md
2021-01-04,Greg Macfarlane,Limitations_in_classic_constraint_based_approaches.md
2021-01-04,Greg Macfarlane,Land_use_transport_modeling.md
2021-01-04,Greg Macfarlane,Joint_Conditional_Destination_Choices.md
2021-01-04,Greg Macfarlane,Factors_Affecting_Destination_Choice.md
2021-01-04,Greg Macfarlane,Destination_Choice_Set_Formation.md
2021-01-04,Greg Macfarlane,Destination_Choice_Mathematical_Formulation.md
2021-01-04,Greg Macfarlane,Destination_Choice_Data_Sources.md
2021-01-04,Greg Macfarlane,Design_principles_of_land_use_models.md
2021-01-04,Greg Macfarlane,00_Table_Contents.md
2020-11-18,ajhorowitz,User_Equilibrium.md
2020-11-18,ajhorowitz,Two_Lane_Highways.md
2020-11-18,ajhorowitz,Traffic_simulation_models.md
2020-11-18,ajhorowitz,Network_assignment.md
2020-11-12,Rolf Moeckel,Trip_based_models.md
2020-11-12,Rolf Moeckel,Regression_Analysis.md
2020-11-12,Rolf Moeckel,Long_distance_Travel.md
2020-11-12,Greg Macfarlane,Contributing.md
2020-10-15,Greg Macfarlane,Accessibility.md
2020-10-14,VinceBernardin,Style_Guide.md
2020-10-14,VinceBernardin,Including_TRB_sponsored_research.md
2020-10-14,VinceBernardin,Big_Picture.md
2020-10-14,Lisa Zorn,Urban_Data.md
2020-10-14,Lisa Zorn,Transit_Data.md
2020-10-14,Lisa Zorn,Traffic_Data.md
2020-10-14,Lisa Zorn,Open_Data_Sources.md
2020-10-14,Brice Nichols,Travel_behavior.md
2020-10-13,VinceBernardin,README.md
2020-10-13,VinceBernardin,About.md
2020-10-11,tfrossi,Utility.md
2020-10-11,tfrossi,Mode_choice.md
2020-09-15,Greg Macfarlane,Statewide_models.md
2020-09-09,Billy Charlton,glossary.md
2020-08-05,Billy Charlton,Working_with_vehicle_re_identification_data_in_project_level_traffic_forecasting.md
2020-08-05,Billy Charlton,Windowing_with_OD_table_estimation_from_traffic_counts_in_project_level_traffic_forecasting.md
2020-08-05,Billy Charlton,Webinars_and_Videos.md
2020-08-05,Billy Charlton,Washington_State_Comprehensive_Tolling_Study_Volume_1_Final_Report.md
2020-08-05,Billy Charlton,Visitor_surveys.md
2020-08-05,Billy Charlton,Vine_building.md
2020-08-05,Billy Charlton,Vehicle_Ownership_Models.md
2020-08-05,Billy Charlton,Vehicle_mix_refinements_in_project_level_traffic_forecasting.md
2020-08-05,Billy Charlton,Vehicle_Counts.md
2020-08-05,Billy Charlton,Validating_Input_Data.md
2020-08-05,Billy Charlton,Using_policy_to_affect_travel_behavior.md
2020-08-05,Billy Charlton,User_benefits_in_project_level_traffic_forecasting.md
2020-08-05,Billy Charlton,UrbanDataResources.md
2020-08-05,Billy Charlton,Urban_Big_Data.md
2020-08-05,Billy Charlton,Urban_and_metropolitan_models.md
2020-08-05,Billy Charlton,Twin_Cities_HOV_Study_Final_Report.md
2020-08-05,Billy Charlton,Turning_movement_refinements_in_project_level_traffic_forecasting.md
2020-08-05,Billy Charlton,Trip_interchange.md
2020-08-05,Billy Charlton,Trip_distribution.md
2020-08-05,Billy Charlton,Trend_models_in_project_level_traffic_forecasting.md
2020-08-05,Billy Charlton,Travel_Time_Speed_and_Reliability_Data.md
2020-08-05,Billy Charlton,Travel_surveys.md
2020-08-05,Billy Charlton,Travel_survey_data.md
2020-08-05,Billy Charlton,Travel_model_curriculum.md
2020-08-05,Billy Charlton,Travel_Forecasting_Results_Report.md
2020-08-05,Billy Charlton,Travel_Forecasting_for_the_Capital_Investment_Grant_Program.md
2020-08-05,Billy Charlton,Traveler_Behavior_and_Values_Research_for_Human_Centered_Transportation_Systems.md
2020-08-05,Billy Charlton,Travel_Demand_and_Network_Model_Integration_Schemas.md
2020-08-05,Billy Charlton,Travel_Behaviour_A_review_of_recent_literature.md
2020-08-05,Billy Charlton,Travel_Behavior_Resources.md
2020-08-05,Billy Charlton,Travel_Behavior_of_Diverse_Populations.md
2020-08-05,Billy Charlton,Travel_Behavior_Definitions.md
2020-08-05,Billy Charlton,Transportation_secure_data_center.md
2020-08-05,Billy Charlton,Transportation_networks.md
2020-08-05,Billy Charlton,Transportation_Elasticities_How_Prices_and_Other_Factors_Affect_Travel_Behavior.md
2020-08-05,Billy Charlton,Transit_Vehicles.md
2020-08-05,Billy Charlton,Transit_Route.md
2020-08-05,Billy Charlton,Transit_Route_Frequency.md
2020-08-05,Billy Charlton,Transit_Path_Parameters.md
2020-08-05,Billy Charlton,Transit_onboard_surveys.md
2020-08-05,Billy Charlton,Transit_networks.md
2020-08-05,Billy Charlton,Transit_Network_Service_Determination.md
2020-08-05,Billy Charlton,Transit_Network_Assignment.md
2020-08-05,Billy Charlton,Transit_mode_combinations.md
2020-08-05,Billy Charlton,Transit_Fares.md
2020-08-05,Billy Charlton,Transit_dwell_time.md
2020-08-05,Billy Charlton,Transit_crowding.md
2020-08-05,Billy Charlton,TRANSIMS.md
2020-08-05,Billy Charlton,Traffic_microsimulation_in_project_level_traffic_forecasting.md
2020-08-05,Billy Charlton,Traffic_dynamics_in_project_level_traffic_forecasting.md
2020-08-05,Billy Charlton,T_PICS_Transportation_Project_Impact_Case_Studies.md
2020-08-05,Billy Charlton,Toward_a_dynamic_model_of_individual_activity_pattern_formulation.md
2020-08-05,Billy Charlton,Tour_based_models.md
2020-08-05,Billy Charlton,Tour_based_and_supply_chain_modeling_for_freight.md
2020-08-05,Billy Charlton,Topic_Circles.md
2020-08-05,Billy Charlton,Tolling_and_Public_Private_Partnerships_in_Texas_Separating_Myth_from_Fact.md
2020-08-05,Billy Charlton,TMIP.md
2020-08-05,Billy Charlton,TMIP_Activity_Based_Model_Webinar_Series_Instructor_Manual.md
2020-08-05,Billy Charlton,Time_of_Day_Factoring.md
2020-08-05,Billy Charlton,The_Transportation_Planning_Process_Key_Issues.md
2020-08-05,Billy Charlton,The_Chicago_Area_Transportation_Study_Creating_the_First_Plan_1955_1962_.md
2020-08-05,Billy Charlton,The_ARC_and_SACOG_Experience_with_Activity_Based_Models_Synthesis_and_Lessons_Learned.md
2020-08-05,Billy Charlton,Temporal_resolution_in_project_level_traffic_forecasting.md
2020-08-05,Billy Charlton,Temporal_refinements_and_directional_split_refinements_in_project_level_traffic_forecasting.md
2020-08-05,Billy Charlton,Temporal_data.md
2020-08-05,Billy Charlton,TCRP_Synthesis_63.md
2020-08-05,Billy Charlton,TCRP_Report_95_Chapter_14_Road_Value_Pricing_Traveler_Response_to_Transportation_System_Changes.md
2020-08-05,Billy Charlton,TCRP_Report_95_Chapter_13_Parking_Pricing_and_Fares_Traveler_Response_to_Transportation_System_Changes.md
2020-08-05,Billy Charlton,TCRP_Report_95_Chapter_12_Transit_Pricing_and_Fares_Traveler_Response_to_Transportation_System_Changes.md
2020-08-05,Billy Charlton,Synthetic_populations_review_of_the_different_approaches.md
2020-08-05,Billy Charlton,Subarea_focusing_in_project_level_traffic_forecasting.md
2020-08-05,Billy Charlton,Strategic_Models.md
2020-08-05,Billy Charlton,STOPS.md
2020-08-05,Billy Charlton,Stochastic_Traffic_Assignment.md
2020-08-05,Billy Charlton,Stepwise_Model_Calibration_Validation.md
2020-08-05,Billy Charlton,Statewide_Models_Trip_based_Models.md
2020-08-05,Billy Charlton,Statewide_Models_Special_Models.md
2020-08-05,Billy Charlton,Statewide_Models_ODME_Models.md
2020-08-05,Billy Charlton,Statewide_Models_Activity_based_Models.md
2020-08-05,Billy Charlton,Statewide_Modeling_Subcommittee_ADA10_2_.md
2020-08-05,Billy Charlton,Statewide_Modeling_Case_Studies.md
2020-08-05,Billy Charlton,Statewide_Freight_Modeling.md
2020-08-05,Billy Charlton,Stated_preference_surveys.md
2020-08-05,Billy Charlton,SR_288_Metropolitan_Travel_Forecasting_Current_Practice_and_Future_Direction.md
2020-08-05,Billy Charlton,Speed_and_travel_time_refinements_in_project_level_traffic_forecasting.md
2020-08-05,Billy Charlton,Special_reporting_requirements_in_project_level_traffic_forecasting.md
2020-08-05,Billy Charlton,Spatial_data.md
2020-08-05,Billy Charlton,Solution_Algorithm.md
2020-08-05,Billy Charlton,Software_Development_For_Travel_Modeling.md
2020-08-05,Billy Charlton,Smoothing_in_project_level_traffic_forecasting.md
2020-08-05,Billy Charlton,Sketch_planning_models.md
2020-08-05,Billy Charlton,SHRP2_C04_Improving_Our_Understanding_of_How_Highway_Congestion_and_Pricing_Affect_Travel_Demand.md
2020-08-05,Billy Charlton,SFCTA_s_Experience_Using_its_SF_CHAMP_Activity_Based_Model.md
2020-08-05,Billy Charlton,SFCTA_Paper_incorporating_crowding.md
2020-08-05,Billy Charlton,Screenline_refinements_in_project_level_traffic_forecasting.md
2020-08-05,Billy Charlton,Scenario_sensitivity_testing_in_project_level_traffic_forecasting.md
2020-08-05,Billy Charlton,Scenario_Forecasting_for_Travel_Demand_Modeling.md
2020-08-05,Billy Charlton,Safety_Data.md
2020-08-05,Billy Charlton,Safety_Analysis.md
2020-08-05,Billy Charlton,Response_bias.md
2020-08-05,Billy Charlton,Resources.md
2020-08-05,Billy Charlton,Representations_of_Decision_Making_Behavior_in_Travel_Modeling.md
2020-08-05,Billy Charlton,Reports.md
2020-08-05,Billy Charlton,Reporting_of_reasonable_bounds_on_forecast_values_in_project_level_traffic_forecasting.md
2020-08-05,Billy Charlton,Regulatory_framework_for_metropolitan_modeling.md
2020-08-05,Billy Charlton,Refining_vehicle_class_forecasts_for_evaluation_in_project_level_traffic_forecasting.md
2020-08-05,Billy Charlton,Refining_speeds_for_evaluation_in_project_level_traffic_forecasting.md
2020-08-05,Billy Charlton,Quality_assurance_and_validation_standards_in_project_level_traffic_forecasting.md
2020-08-05,Billy Charlton,Purpose_of_project_level_travel_forecasting.md
2020-08-05,Billy Charlton,Puget_Sound_Regional_Council.md
2020-08-05,Billy Charlton,Public_transport_transit_modeling.md
2020-08-05,Billy Charlton,Project_level_traffic_forecasting.md
2020-08-05,Billy Charlton,Project_level_forecasting_process.md
2020-08-05,Billy Charlton,Pricing_and_valuation.md
2020-08-05,Billy Charlton,Pricing_and_Travel_Time_Reliability_Enhancements_in_the_SANDAG_Activity_Based_Travel_Model_Final_Report.md
2020-08-05,Billy Charlton,Prerequisites_for_travel_modeling.md
2020-08-05,Billy Charlton,Population_Synthesis.md
2020-08-05,Billy Charlton,Population_Synthesis_For_Microsimulating_Travel_Behavior.md
2020-08-05,Billy Charlton,Policy_relevance_of_transportation_models.md
2020-08-05,Billy Charlton,Polaris.md
2020-08-05,Billy Charlton,Plausibility_Assessment_of_a_Travel_Forecast.md
2020-08-05,Billy Charlton,Pivoting_with_select_link_analysis_for_small_developments_in_project_level_traffic_forecasting.md
2020-08-05,Billy Charlton,Pedestrian_Route_Choice.md
2020-08-05,Billy Charlton,Pavement_design_in_project_level_traffic_forecasting.md
2020-08-05,Billy Charlton,Path_Finding_Algorithm.md
2020-08-05,Billy Charlton,Path_Choice_Mode_choice_Consistency.md
2020-08-05,Billy Charlton,Parking_surveys.md
2020-08-05,Billy Charlton,Origin_Destination.md
2020-08-05,Billy Charlton,Open_Matrix_Format.md
2020-08-05,Billy Charlton,Open_Code_Directory.md
2020-08-05,Billy Charlton,Online_Travel_Survey_Manual.md
2020-08-05,Billy Charlton,On_Board_Transit_Survey.md
2020-08-05,Billy Charlton,OD_table_refinements_in_project_level_traffic_forecasting.md
2020-08-05,Billy Charlton,New_Starts.md
2020-08-05,Billy Charlton,NCTCOG_Path_Towards_Advanced_Analytical_Tools.md
2020-08-05,Billy Charlton,NCHRP_Synthesis_406_Advanced_Practices_in_Travel_Forecasting_A_Synthesis_of_Highway_Practice.md
2020-08-05,Billy Charlton,NCHRP_Report_765.md
2020-08-05,Billy Charlton,NCHRP_775_Applying_GPS_Data_to_Understand_Travel_Behavior.md
2020-08-05,Billy Charlton,National_guidelines_for_use_in_project_level_traffic_forecasting.md
2020-08-05,Billy Charlton,Multi_resolution_models.md
2020-08-05,Billy Charlton,Multiple_Discrete_Continuous_Extreme_Value_MDCEV_Model.md
2020-08-05,Billy Charlton,MPO_model_documentation.md
2020-08-05,Billy Charlton,Model_validation_plans.md
2020-08-05,Billy Charlton,Model_Validation_and_Reasonableness_Checking_Validation_Plan.md
2020-08-05,Billy Charlton,Model_Validation_and_Reasonableness_Checking_Time_Of_Day.md
2020-08-05,Billy Charlton,Model_Validation_and_Reasonableness_Checking_Temporal_And_Sensitivity.md
2020-08-05,Billy Charlton,Model_Validation_and_Reasonableness_Checking_Tables.md
2020-08-05,Billy Charlton,Model_Validation_and_Reasonableness_Checking_Model_Inputs.md
2020-08-05,Billy Charlton,Model_Validation_and_Reasonableness_Checking_Mode_Choice.md
2020-08-05,Billy Charlton,Model_Validation_and_Reasonableness_Checking.md
2020-08-05,Billy Charlton,Model_Validation_and_Reasonableness_Checking_Introduction.md
2020-08-05,Billy Charlton,Model_Validation_and_Reasonableness_Checking_Figures.md
2020-08-05,Billy Charlton,Model_Validation_and_Reasonableness_Checking_Documentation.md
2020-08-05,Billy Charlton,Model_Validation_and_Reasonableness_Checking_Distribution.md
2020-08-05,Billy Charlton,Model_Validation_and_Reasonableness_Checking_Assignment.md
2020-08-05,Billy Charlton,Model_Validation_and_Reasonableness_Checking_Amount_Of_Travel.md
2020-08-05,Billy Charlton,Model_Transferability.md
2020-08-05,Billy Charlton,Model_integration.md
2020-08-05,Billy Charlton,Model_Improvement_Plan.md
2020-08-05,Billy Charlton,Model_estimation.md
2020-08-05,Billy Charlton,Modelers.md
2020-08-05,Billy Charlton,Model_calibration.md
2020-08-05,Billy Charlton,Model_calibration_and_validation.md
2020-08-05,Billy Charlton,Mode_Choice_Behavior.md
2020-08-05,Billy Charlton,Modal_hierarchy.md
2020-08-05,Billy Charlton,Measures_of_effectiveness_and_performance_measures_in_project_level_traffic_forecasting.md
2020-08-05,Billy Charlton,Maryland_Statewide_Transportation_Model.md
2020-08-05,Billy Charlton,Market_Segmentation.md
2020-08-05,Billy Charlton,Long_range_transportation_plan.md
2020-08-05,Billy Charlton,Location_Based_Services_Data.md
2020-08-05,Billy Charlton,List_of_Model_User_Groups.md
2020-08-05,Billy Charlton,Linear_models_with_explanatory_variables_in_project_level_traffic_forecasting.md
2020-08-05,Billy Charlton,Limited_role_of_judgment_in_project_level_traffic_forecasting.md
2020-08-05,Billy Charlton,Land_use_models_in_project_level_traffic_forecasting.md
2020-08-05,Billy Charlton,Joint_Travel_Behavior.md
2020-08-05,Billy Charlton,J_Douglas_Carroll.md
2020-08-05,Billy Charlton,Interpolation_between_forecast_years_in_project_level_traffic_forecasting.md
2020-08-05,Billy Charlton,Integrated_Travel_Demand_and_Network_Models.md
2020-08-05,Billy Charlton,Inside_the_Black_Box.md
2020-08-05,Billy Charlton,Innovations_in_Travel_Modeling.md
2020-08-05,Billy Charlton,Impedance.md
2020-08-05,Billy Charlton,Impacts_of_Time_of_Day_Pricing_on_Travel_Behavior_General_Findings_from_the_Port_Authority_of_New_York_and_New_Jersey_s_Initiative.md
2020-08-05,Billy Charlton,Ideal_travel_model_standard_in_project_level_traffic_forecasting.md
2020-08-05,Billy Charlton,Hybrid_models_in_project_level_traffic_forecasting.md
2020-08-05,Billy Charlton,Household_travel_surveys.md
2020-08-05,Billy Charlton,Highway_Research_Board_Special_Report_120_Urban_Commodity_Flow.md
2020-08-05,Billy Charlton,Highway_noise_analysis_in_project_level_traffic_forecasting.md
2020-08-05,Billy Charlton,Highway_Capacity_Manual.md
2020-08-05,Billy Charlton,High_Occupancy_Toll_Lanes_Potential_for_Implementation_in_the_Atlanta_Region.md
2020-08-05,Billy Charlton,H_GAC_Activity_Based_Model_Model_Validation_Plan_Report.md
2020-08-05,Billy Charlton,Health_and_Transportation_Data.md
2020-08-05,Billy Charlton,Half_lane_rule_and_extensions_in_project_level_traffic_forecasting.md
2020-08-05,Billy Charlton,Guidelines_for_Network_Representation_of_Transit_Access_State_of_the_Practice_Summary.md
2020-08-05,Billy Charlton,GPS_enabled_surveys.md
2020-08-05,Billy Charlton,GPS_Based_Pilot_Survey_of_Freight_Movements_in_the_Midwest_Region.md
2020-08-05,Billy Charlton,Goods_Movement_Study_in_Illinois_Application_to_Freight_Transportation_and_Logistics.md
2020-08-05,Billy Charlton,Global_Positioning_Systems_GPS_Data.md
2020-08-05,Billy Charlton,Georgia_Statewide_Model.md
2020-08-05,Billy Charlton,Future_prospect_for_activity_based_models.md
2020-08-05,Billy Charlton,Future_Development_of_TFR.md
2020-08-05,Billy Charlton,Freight_modeling.md
2020-08-05,Billy Charlton,Format_Testing.md
2020-08-05,Billy Charlton,External_surveys.md
2020-08-05,Billy Charlton,Explaining_Activity_Based_Models_to_a_General_Audience.md
2020-08-05,Billy Charlton,Example_of_an_autoregression_model_with_Box_Cox_transformation.md
2020-08-05,Billy Charlton,Establishment_surveys.md
2020-08-05,Billy Charlton,Errors_and_variability_in_volume_data_for_project_level_traffic_forecasts.md
2020-08-05,Billy Charlton,Empirical_Accuracy_of_Travel_Forecasts.md
2020-08-05,Billy Charlton,Dynamic_Traffic_Assignment.md
2020-08-05,Billy Charlton,Dynamic_network_models.md
2020-08-05,Billy Charlton,DTA_Primer.md
2020-08-05,Billy Charlton,DRCOG_s_Experience_Using_its_FOCUS_Activity_Based_Model.md
2020-08-05,Billy Charlton,Documentation_standards_in_project_level_traffic_forecasting.md
2020-08-05,Billy Charlton,Discussion_of_travel_delay_in_acceptable_models_in_project_level_traffic_forecasting.md
2020-08-05,Billy Charlton,Development_of_Guidelines_for_TxDOT_Regional_Toll_Authority_Cooperation_and_Coordination.md
2020-08-05,Billy Charlton,Destination_Choice_Theoretical_Foundations.md
2020-08-05,Billy Charlton,Destination_Choice_Parameter_Estimation.md
2020-08-05,Billy Charlton,Destination_Choice_Models.md
2020-08-05,Billy Charlton,Destination_Choice_Implementation_and_Application.md
2020-08-05,Billy Charlton,Destination_Choice_Calibration_and_Validation.md
2020-08-05,Billy Charlton,DestChoice_MathFormulation_Fig-1.jpg
2020-08-05,Billy Charlton,Design_Hourly_Volume.md
2020-08-05,Billy Charlton,Delay_Estimation_in_Trip_Based_Models.md
2020-08-05,Billy Charlton,Data_Visualization.md
2020-08-05,Billy Charlton,Data_Driven_Methods.md
2020-08-05,Billy Charlton,Data_Development.md
2020-08-05,Billy Charlton,Dallas_Case_Study.md
2020-08-05,Billy Charlton,Current_trends_in_travel_behavior.md
2020-08-05,Billy Charlton,Current_Status_of_Statewide_Models.md
2020-08-05,Billy Charlton,Content_Charrette_Destination_Choice_Models.md
2020-08-05,Billy Charlton,Content_Charrette_Autonomous_Vehicles.md
2020-08-05,Billy Charlton,Commercial_vehicle_surveys.md
2020-08-05,Billy Charlton,Choicesetdepiction.png
2020-08-05,Billy Charlton,Choice_of_techniques_in_project_level_traffic_forecasts.md
2020-08-05,Billy Charlton,Choice_Models_with_Aggregate_Choices.md
2020-08-05,Billy Charlton,Choice_Model_Development_in_Practice.md
2020-08-05,Billy Charlton,Characterizing_Oregon_s_Supply_Chains.md
2020-08-05,Billy Charlton,Cellular_Communications_Data.md
2020-08-05,Billy Charlton,Bypasses_of_regional_scope_in_project_level_traffic_forecasting.md
2020-08-05,Billy Charlton,Bypasses_of_local_scope_in_project_level_traffic_forecasting.md
2020-08-05,Billy Charlton,Box_Cox_transformations_in_project_level_traffic_forecasting.md
2020-08-05,Billy Charlton,Big_Data.md
2020-08-05,Billy Charlton,Bibliography_No_11_Origin_Destination_Surveys_and_Traffic_Volume_Studies.md
2020-08-05,Billy Charlton,Best_practical_experience_model_standard_in_project_level_traffic_forecasting.md
2020-08-05,Billy Charlton,Benefits_of_dynamic_network_models.md
2020-08-05,Billy Charlton,Benefits_of_Activity_Based_Models.md
2020-08-05,Billy Charlton,Average_Daily_Traffic.md
2020-08-05,Billy Charlton,Average_Annual_Daily_Traffic.md
2020-08-05,Billy Charlton,Autoregressive_with_explanatory_variables_ARX_or_SAR_models_in_project_level_traffic_forecasting.md
2020-08-05,Billy Charlton,Autoregressive_models_in_project_forecasting.md
2020-08-05,Billy Charlton,Autonomous_vehicles_use_cases.md
2020-08-05,Billy Charlton,Autonomous_vehicles_planning_and_policy_context.md
2020-08-05,Billy Charlton,Autonomous_vehicles_operation_network.md
2020-08-05,Billy Charlton,Autonomous_vehicles_Modeling_frameworks.md
2020-08-05,Billy Charlton,Autonomous_vehicles.md
2020-08-05,Billy Charlton,Autonomous_vehicles_Lexicon.md
2020-08-05,Billy Charlton,Autonomous_vehicles_Forecasting.md
2020-08-05,Billy Charlton,Autonomous_vehicles_Early_applications.md
2020-08-05,Billy Charlton,Autonomous_vehicles_CAV_Penetration_Rates.md
2020-08-05,Billy Charlton,Autonomous_vehicles_Behavioral_considerations.md
2020-08-05,Billy Charlton,Austin_Mode_Choice_Model.md
2020-08-05,Billy Charlton,Associations_Organizations_and_Committees.md
2020-08-05,Billy Charlton,Assessing_Highway_Tolling_and_Pricing_Options_and_Impacts.md
2020-08-05,Billy Charlton,ARC_s_Experience_Using_its_CT_RAMP_Activity_Based_Model.md
2020-08-05,Billy Charlton,A_model_of_complex_travel_behavior.md
2020-08-05,Billy Charlton,ALBATROSS.md
2020-08-05,Billy Charlton,Air_quality_estimation_in_project_level_traffic_forecasting.md
2020-08-05,Billy Charlton,A_historical_perspective_of_innovations_in_travel_modeling.md
2020-08-05,Billy Charlton,Activity_Travel_Planning_and_Decision_Making_Behaviors.md
2020-08-05,Billy Charlton,Activity_based_models.md
2020-08-05,Billy Charlton,Activity_Based_Modeling_Primer.md
2020-08-05,Billy Charlton,Acceptable_practical_experience_model_standard_in_project_level_traffic_forecasting.md
2020-08-05,Billy Charlton,7th_ITM_Conference_Atlanta_Georgia_2018.md
2020-08-05,Billy Charlton,6th_ITM_Conference_Denver_Colorado_2016.md
2020-08-05,Billy Charlton,3rd_TRB_Conference_on_Innovations_in_Travel_Modeling.md
2020-08-05,Billy Charlton,2nd_TRB_Conference_on_Innovations_in_Travel_Modeling.md
2020-08-05,Billy Charlton,2012_Household_Travel_Survey_Symposium_Conference_Summary_and_Final_Report.md
2020-08-05,Billy Charlton,1st_TRB_Conference_on_Innovations_in_Travel_Modeling.md
